State name,District code,Population,Male,Female,Literate,Male_Literate,Female_Literate,SC,Male_SC,Female_SC,ST,Male_ST,Female_ST,Workers,Male_Workers,Female_Workers,Main_Workers,Marginal_Workers,Non_Workers,Cultivator_Workers,Agricultural_Workers,Household_Workers,Other_Workers,Hindus,Muslims,Christians,Sikhs,Buddhists,Jains,Others_Religions,Religion_Not_Stated,LPG_or_PNG_Households,Housholds_with_Electric_Lighting,Households_with_Internet,Households_with_Computer,Rural_Households,Urban_Households,Households,Below_Primary_Education,Primary_Education,Middle_Education,Secondary_Education,Higher_Education,Graduate_Education,Other_Education,Illiterate_Education,Total_Education,Age_Group_0_29,Age_Group_30_49,Age_Group_50,Age not stated,Households_with_Bicycle,Households_with_Car_Jeep_Van,Households_with_Scooter_Motorcycle_Moped,Households_with_Telephone_Mobile_Phone_Landline_only,Households_with_Telephone_Mobile_Phone_Mobile_only,Households_with_TV_Computer_Laptop_Telephone_mobile_phone_and_Scooter_Car,Households_with_Television,Households_with_Telephone_Mobile_Phone,Households_with_Telephone_Mobile_Phone_Both,Having_latrine_facility_within_the_premises_Total_Households,Ownership_Owned_Households,Ownership_Rented_Households,Type_of_latrine_facility_Pit_latrine_Households,Type_of_latrine_facility_Other_latrine_Households,Type_of_latrine_facility_Night_soil_disposed_into_open_drain_Households,Type_of_latrine_facility_Flush_pour_flush_latrine_connected_to_other_system_Households,Not_having_latrine_facility_within_the_premises_Alternative_source_Open_Households,Main_source_of_drinking_water_Un_covered_well_Households,Main_source_of_drinking_water_Handpump_Tubewell_Borewell_Households,Main_source_of_drinking_water_Spring_Households,Main_source_of_drinking_water_River_Canal_Households,Main_source_of_drinking_water_Other_sources_Households,Main_source_of_drinking_water_Other_sources_Spring_River_Canal_Tank_Pond_Lake_Other_sources__Households,Location_of_drinking_water_source_Near_the_premises_Households,Location_of_drinking_water_source_Within_the_premises_Households,Main_source_of_drinking_water_Tank_Pond_Lake_Households,Main_source_of_drinking_water_Tapwater_Households,Main_source_of_drinking_water_Tubewell_Borehole_Households,Location_of_drinking_water_source_Away_Households,Power_Parity_Less_than_Rs_45000,Power_Parity_Rs_45000_90000,Power_Parity_Rs_90000_150000,Power_Parity_Rs_45000_150000,Power_Parity_Rs_150000_240000,Power_Parity_Rs_240000_330000,Power_Parity_Rs_150000_330000,Power_Parity_Rs_330000_425000,Power_Parity_Rs_425000_545000,Power_Parity_Rs_330000_545000,Power_Parity_Above_Rs_545000,Total_Power_Parity,Male_Literate_pct,Female_Literate_pct,Male_SC_pct,Female_SC_pct,Male_ST_pct,Female_ST_pct,Male_Workers_pct,Female_Workers_pct,Main_Workers_pct,Marginal_Workers_pct,Non_Workers_pct,Cultivator_Workers_pct,Agricultural_Workers_pct,Household_Workers_pct,Other_Workers_pct,Hindus_pct,Muslims_pct,Sikhs_pct,Jains_pct,Buddhists_pct,Others_Religions_pct,Religion_Not_Stated_pct,LPG_or_PNG_Households_pct,Housholds_with_Electric_Lighting_pct,Households_with_Internet_pct,Households_with_Computer_pct,Rural_Households_pct,Urban_Households_pct,Below_Primary_Education_pct,Primary_Education_pct,Middle_Education_pct,Secondary_Education_pct,Higher_Education_pct,Graduate_Education_pct,Other_Education_pct,Literate_Education_pct,Illiterate_Education_pct,Total_Education_pct,Age_Group_0_29_pct,Age_Group_30_49_pct,Age_Group_50_pct,Age not stated_pct,Households_with_Bicycle_pct,Households_with_Car_Jeep_Van_pct,Households_with_Scooter_Motorcycle_Moped_pct,Households_with_Telephone_Mobile_Phone_Landline_only_pct,Households_with_Telephone_Mobile_Phone_Mobile_only_pct,Households_with_Television_pct,Households_with_Telephone_Mobile_Phone_pct,Households_with_Telephone_Mobile_Phone_Both_pct,Households_with_TV_Computer_Laptop_Telephone_mobile_phone_and_Scooter_Car_pct,Ownership_Owned_Households_pct,Ownership_Rented_Households_pct,Type_of_latrine_facility_Pit_latrine_Households_pct,Type_of_latrine_facility_Other_latrine_Households_pct,Type_of_latrine_facility_Night_soil_disposed_into_open_drain_Households_pct,Type_of_latrine_facility_Flush_pour_flush_latrine_connected_to_other_system_Households_pct,Not_having_latrine_facility_within_the_premises_Alternative_source_Open_Households_pct,Main_source_of_drinking_water_Un_covered_well_Households_pct,Main_source_of_drinking_water_Handpump_Tubewell_Borewell_Households_pct,Main_source_of_drinking_water_Spring_Households_pct,Main_source_of_drinking_water_River_Canal_Households_pct,Main_source_of_drinking_water_Other_sources_Households_pct,Main_source_of_drinking_water_Other_sources_Spring_River_Canal_Tank_Pond_Lake_Other_sources__Households_pct,Location_of_drinking_water_source_Near_the_premises_Households_pct,Location_of_drinking_water_source_Within_the_premises_Households_pct,Main_source_of_drinking_water_Tank_Pond_Lake_Households_pct,Main_source_of_drinking_water_Tapwater_Households_pct,Main_source_of_drinking_water_Tubewell_Borehole_Households_pct,Location_of_drinking_water_source_Away_Households_pct,Power_Parity_Less_than_Rs_45000_pct,Power_Parity_Rs_45000_90000_pct,Power_Parity_Rs_90000_150000_pct,Power_Parity_Rs_45000_150000_pct,Power_Parity_Rs_150000_240000_pct,Power_Parity_Rs_240000_330000_pct,Power_Parity_Rs_150000_330000_pct,Power_Parity_Rs_330000_425000_pct,Power_Parity_Rs_425000_545000_pct,Power_Parity_Rs_330000_545000_pct,Power_Parity_Above_Rs_545000_pct,Total_Power_Parity_pct
ANDAMAN AND NICOBAR ISLANDS,1917,380581,202871,177710,294281,164377,129904,0,0,0,28530,14731,13799,152535,120889,31646,125910,26625,228046,16567,4781,3727,127460,264296,32413,80984,1286,338,31,564,669,41539,80421,3234,8194,89950,51725,141675,34833,60466,71733,61182,43620,28821,4250,68492,373397,204538,119161,56514,368,17066,6426,23076,2841,67286,5099,63965,78100,7973,65450,53527,30123,2679,219,151,1774,25641,6194,497,1091,2405,1793,6663,25198,56615,1374,79375,482,11563,1879,4069,2741,6810,1073,636,1709,405,737,1142,544,12084,81.02538066,73.09886894,0,0,7.261264547,7.764897867,59.58909849,17.80766417,33.0836274,6.995882611,59.92048999,4.35308121,1.256237174,0.979292187,33.49089944,69.44540058,8.516715233,0.337904415,0.008145441,0.08881158,0.148194471,0.175783867,29.31992236,56.76442562,2.282689254,5.783659785,63.49038292,36.50961708,9.152585126,15.88781363,18.84828722,16.07594704,11.46142346,7.572895126,1.116713656,80.11566526,17.99669453,98.11235979,53.74361831,31.31028612,14.84940131,0.096694265,12.04587965,4.535733192,16.28798306,2.005293806,47.49320628,45.14910888,55.12616905,5.627668961,3.599082407,37.78154226,21.26204341,1.890947591,0.154579142,0.106581966,1.252161638,18.0984648,4.371978119,0.350802894,0.770072349,1.697547203,1.265572613,4.70301747,17.78577731,39.96117875,0.969825304,56.02611611,0.340215281,8.161637551,1.326274925,2.872066349,1.934709723,4.806776072,0.757367214,0.44891477,1.206281983,0.285865537,0.520204694,0.806070231,0.383977413,8.529380625
ANDHRA PRADESH,12489,84580777,42442146,42138631,50556760,28251243,22305517,13878078,6913047,6965031,5918073,2969362,2948711,39422906,24185595,15237311,33037378,6385528,45157871,6491522,16967754,1439137,14524493,74824149,8082412,1129784,40244,36692,53849,9547,404100,7525445,19377222,549284,1763555,17174077,8420919,25594996,9672732,13036342,11566354,9266937,5481749,5069999,687039,27185233,81966385,45815669,23148452,14845225,771431,6754231,562769,3914068,857080,11549740,816992,12358093,13262317,855497,10424003,16498540,4146219,1141558,228797,165673,204395,10085161,1231522,4337080,101574,65270,439959,660427,7834465,9089558,53624,14691570,1451570,4100511,19930,46112,34248,80360,5183,3090,8273,3771,5385,9156,6449,124166,66.56412473,52.93365368,16.28816554,16.52884974,6.996257918,6.997643089,56.98485416,36.15995736,39.06014957,7.549620879,53.39022956,7.67493777,20.06100511,1.701494182,17.17233338,88.46472172,9.555849788,0.047580551,0.063665767,0.043381016,0.011287435,0.477768134,29.40201671,75.7070718,2.146060113,6.890233544,67.09935411,32.90064589,11.4360879,15.41288986,13.67492048,10.95631576,6.481081393,5.99426865,0.812287407,64.76785145,32.14114834,96.90899978,54.16794528,27.36845513,17.55153538,0.912064215,26.38887304,2.198746192,15.2923173,3.348623301,45.1249924,48.28323865,51.8160542,3.342438499,3.191998936,64.46002179,16.19933443,4.460082744,0.893913013,0.647286681,0.798574065,39.40286218,4.811573325,16.94503097,0.396851009,0.255010784,1.71892584,2.580297336,30.60936208,35.51302762,0.209509703,57.40016525,5.671303875,16.02075265,0.077866783,0.180160216,0.133807405,0.313967621,0.020250052,0.012072672,0.032322724,0.014733349,0.021039269,0.035772617,0.025196331,0.485118263
ARUNACHAL PRADESH,4040,1383727,713912,669815,766005,439868,326137,0,0,0,951821,468390,483431,587657,350273,237384,478721,108936,796070,302723,36171,8365,240398,401876,27045,418732,3287,162815,771,362553,6648,76445,171821,5128,21247,270546,105414,375960,163076,203321,177395,124932,90576,60298,6067,441551,1267216,904739,337844,139635,1509,50987,20729,36691,7592,104094,9485,107624,126368,14682,162116,178605,59201,49148,12503,1865,26277,91053,11335,34165,14911,15559,8307,41091,97755,107429,2314,171473,6299,56430,880,2672,1486,4158,556,396,952,141,153,294,172,6456,61.61375632,48.6906086,0,0,65.60892659,72.17380919,49.06389023,35.4402335,34.59649194,7.87265118,57.53085688,21.87736454,2.614027189,0.60452676,17.37322463,29.0430121,1.954504032,0.237546857,0.055719083,11.76641057,26.20119431,0.48044159,20.33328014,45.70193638,1.363974891,5.651399085,71.96137887,28.03862113,11.78527267,14.6937221,12.82008662,9.028659555,6.545799858,4.357651473,0.438453539,59.66964582,31.91026843,91.57991425,65.38421235,24.41550971,10.09122464,0.109053303,13.56181509,5.51361847,9.759282902,2.019363762,27.68751995,28.62644962,33.61208639,3.905202681,2.522874774,47.50638366,15.74662198,13.07266731,3.325619747,0.496063411,6.989307373,24.21879987,3.014948399,9.087402915,3.966113416,4.138472178,2.209543568,10.92962017,26.00143632,28.5745824,0.61549101,45.60937334,1.675444196,15.00957549,0.234067454,0.710713906,0.395254814,1.10596872,0.147888073,0.105330354,0.253218427,0.03750399,0.040695819,0.078199808,0.045749548,1.717203958
ASSAM,8451,31205576,15939443,15266133,19177977,10568639,8609338,2231321,1145314,1086007,3884371,1957005,1927366,11969690,8541560,3428130,8687123,3282567,19235886,4061627,1845346,491321,5571396,19180759,10679345,1165867,20672,54993,25949,27118,50873,1206621,2358900,100173,593484,7588998,1485505,9074503,3743725,6286859,6391073,2720548,1749752,1017971,157418,9491628,31558974,19042032,8016988,4127732,18824,3504408,239904,646410,137261,2766506,164319,1751229,3047557,143790,4131931,5598028,435455,2207938,111914,54381,536172,2116562,1095715,3782347,80246,216639,125458,716924,1699916,3489690,294581,666146,588580,1177689,1510,4311,2095,6406,834,590,1424,195,207,402,202,9944,66.30494554,56.39501503,7.185407922,7.113831643,12.27775023,12.62510945,53.5875689,22.45578497,27.83836773,10.51916811,61.64246415,13.01570912,5.913513662,1.57446541,17.85384766,61.46580662,34.22255369,0.066244571,0.083155011,0.17622812,0.086901136,0.163025352,13.29682739,25.99481206,1.103895166,6.540126771,83.62990238,16.37009762,11.99697452,20.14658855,20.48054809,8.718147039,5.607177384,3.26214456,0.504454717,70.71603485,30.41644865,101.1324835,61.02124825,25.69088294,13.22754626,0.060322553,38.61818107,2.643715033,7.123365324,1.512600745,30.48658422,19.29834615,33.58373456,1.584549589,1.810776855,61.68963744,4.798665007,24.33122784,1.233279663,0.599272489,5.908554992,23.32427462,12.07465577,41.68103752,0.884301873,2.387337356,1.382533016,7.900421654,18.73288267,38.45599037,3.246249409,7.340853819,6.486085243,12.97800001,0.01664003,0.047506734,0.023086664,0.070593398,0.009190586,0.006501733,0.015692319,0.002148878,0.002281117,0.004429995,0.002226017,0.109581759
BIHAR,8417,104099452,54278157,49821295,52504553,31608023,20896530,16567325,8606253,7961072,1336573,682516,654057,34724987,25222189,9502798,21359611,13365376,69374465,7196226,18345649,1411208,7771904,86078686,17557809,129247,23779,25453,18914,13437,252127,1528380,3098435,165521,1334565,20713342,2701332,23414674,21533037,16822947,10287996,7565444,4600511,3346072,368472,46443380,110967859,66930323,22949064,13816563,403502,9230677,323190,1534633,425705,9773448,180385,2751541,10510770,311617,4367236,18332993,396421,473855,87842,39246,438088,14358546,696238,16969091,6418,29001,256850,315111,7182893,9490650,22842,834514,567104,2267086,23749,37239,18132,55371,6168,564,6732,788,1273,2061,1576,89490,58.23341238,41.94296836,15.85583129,15.97925546,1.257441368,1.3128061,46.46839612,19.07376755,20.51846632,12.83904549,66.64248819,6.912837543,17.6231946,1.355634418,7.465845257,82.68889446,16.86637985,0.022842579,0.018169164,0.024450657,0.012907849,0.242198201,6.52744514,13.23287696,0.706911401,5.699694986,88.46308089,11.53691911,20.68506278,16.16045683,9.882853178,7.267515683,4.419342188,3.214303184,0.353961517,61.98349536,44.61443274,106.5979281,64.29459686,22.04532642,13.27246468,0.387612031,39.42261592,1.380288276,6.554150615,1.81811201,41.74069645,11.75135302,44.88967047,1.330862006,0.77039296,78.29702434,1.693045139,2.023752285,0.375157903,0.16761284,1.870997649,61.3228525,2.973511397,72.47203613,0.027410162,0.123858227,1.096961675,1.345784272,30.67688664,40.53291538,0.097554209,3.564064142,2.422002544,9.682329978,0.101427848,0.159041292,0.077438618,0.23647991,0.026342455,0.002408746,0.028751201,0.003365411,0.005436762,0.008802173,0.006730822,0.382196224
CHANDIGARH,55,1055450,580663,474787,805438,465346,340092,199086,106356,92730,0,0,0,404136,328159,75977,385929,18207,651314,2578,1687,4799,395072,852574,51447,8720,138329,1160,1960,246,1014,168344,231204,44283,78113,8911,289456,298367,80406,118667,114209,124707,98786,174528,20188,184265,915756,602411,303748,148945,346,135055,60494,109701,14027,148411,67323,193932,209783,47345,206017,112043,110377,1178,196,164,542,7578,45,6167,36,12,1120,1372,27384,202495,204,227354,2001,5182,893,3631,7152,10783,4285,2444,6729,3382,4461,7843,7897,34145,80.14046013,71.63043639,18.31630395,19.53086331,0,0,56.51453597,16.00233368,36.56535127,1.725046189,61.70960254,0.244256005,0.159837036,0.454687574,37.43161685,80.77824625,4.874413757,13.10616325,0.185702781,0.109905727,0.023307594,0.096072765,56.42178927,77.48980283,14.8417888,26.18017408,2.98659034,97.01340966,7.618172344,11.24326117,10.82088209,11.81552892,9.359609645,16.53588517,1.912738642,69.30607798,17.45843005,86.76450803,57.07622341,28.77900422,14.11199015,0.032782226,45.26472432,20.27503042,36.76713578,4.701257177,49.74109067,64.99780472,70.31038955,15.86804171,22.56382241,37.55207513,36.99370239,0.394815781,0.065690911,0.054965864,0.181655478,2.539825115,0.015082097,2.066917588,0.012065678,0.004021893,0.375376633,0.459836376,9.177958688,67.86776017,0.068372173,76.19944565,0.670650575,1.736787245,0.299295834,1.216957639,2.397047931,3.61400557,1.436150781,0.819125439,2.25527622,1.13350337,1.495138537,2.628641907,2.646740424,11.44395996
CHHATTISGARH,7353,25545198,12832895,12712303,15379922,8807893,6572029,3274269,1641738,1632531,7822902,3873191,3949711,12180225,7133866,5046359,8241714,3938511,13364973,4004796,5091882,187631,2895916,23819789,514998,490542,70036,70467,61510,494594,23262,628600,4231941,67820,260971,5164079,1635610,6799689,3889201,4058000,3421010,1853321,1562183,1072482,151480,8967044,24974721,15230475,6505399,3786209,23115,3428564,126332,878000,86376,1528665,146190,1760851,1726254,111213,1382706,5072438,366686,194474,9101,4881,105262,4159905,593631,3690341,39502,49823,28638,131447,3065075,1068490,13484,1161217,404092,1489285,5857,11041,8485,19526,1643,749,2392,613,956,1569,1263,30603,68.63527676,51.69817774,12.7932006,12.84213411,30.18173997,31.06998787,55.59046497,39.69665449,32.26326138,15.41781356,52.31892507,15.67729481,19.93283434,0.734505953,11.33643983,93.24566206,2.016026652,0.274165031,0.240788895,0.275852236,1.93615254,0.091062124,9.244540449,62.23727291,0.997398557,3.837984355,75.94581164,24.05418836,15.22478315,15.88556879,13.39198858,7.255066099,6.115368532,4.198370277,0.592988162,62.66413359,35.10266,97.76679359,59.62167528,25.46623048,14.82160757,0.090486674,50.42236491,1.857908501,12.91235526,1.270293391,22.48139584,25.89605201,25.38724933,1.635560097,2.14995127,74.59808824,5.392687813,2.86004257,0.133844357,0.071782695,1.548041388,61.17787152,8.730266928,54.27220274,0.580938334,0.732724688,0.421166321,1.93313253,45.07669395,15.71380691,0.198303187,17.07750163,5.942801208,21.90225171,0.086136292,0.162375073,0.124785119,0.287160192,0.02416287,0.01101521,0.035178079,0.009015118,0.014059467,0.023074585,0.018574379,0.450064701
DADRA AND NAGAR HAVELI,496,343709,193760,149949,223230,142521,80709,6186,3339,2847,178564,88844,89720,157161,119293,37868,130299,26862,186548,28164,17799,2195,109003,322857,12922,5113,217,634,1186,293,487,29101,69558,2013,6017,48221,60562,108783,24701,69140,32004,37809,22700,19655,3566,91055,300630,225103,87888,30346,372,17822,4136,18647,1706,41837,3669,34467,45973,2430,39999,40607,31255,539,251,55,433,29222,4170,32907,442,188,270,929,26605,38461,29,34001,15041,7997,431,1782,1667,3449,407,564,971,729,978,1707,235,6793,73.5554294,53.82430026,1.723265896,1.898645539,45.85260116,59.83367678,61.56740297,25.25391967,37.90968523,7.815332156,54.27498262,8.194140974,5.178508564,0.638621625,31.71374622,93.93324004,3.759575688,0.063134803,0.345059338,0.184458364,0.085246531,0.141689627,26.75142256,63.94197623,1.85047296,5.531195132,44.32769826,55.67230174,7.18660262,20.11585382,9.311365137,11.00029385,6.604424091,5.718500243,1.037505564,60.97454533,26.49188703,87.46643236,65.49232054,25.57046804,8.828980329,0.108231091,16.38307456,3.802064661,17.14146512,1.568259746,38.45913424,31.68417859,42.2611989,2.233804914,3.372769642,37.32844286,28.73151136,0.495481831,0.230734582,0.05055937,0.398040135,26.86265317,3.833319544,30.25013099,0.406313486,0.172821121,0.248200546,0.853993731,24.4569464,35.35570815,0.026658577,31.25580284,13.82660894,7.351332469,0.396201612,1.638123604,1.532408556,3.17053216,0.374139342,0.518463363,0.892602704,0.670141474,0.899037533,1.569179008,0.216026401,6.244541886
DAMAN AND DIU,989,243247,150301,92946,188406,124643,63763,6124,3151,2973,15363,7771,7592,121271,107434,13837,116435,4836,121976,2316,772,684,117499,220150,19277,2820,172,217,287,79,245,32021,59824,1684,5598,19794,70135,89929,10829,35762,38951,36042,18537,11034,2630,31376,185161,153064,66800,23027,356,18381,3561,18987,2494,45871,3652,36838,52172,3807,47233,23100,35416,594,59,29,217,6319,144,14208,12,2,304,330,13363,46134,12,45404,10910,884,1786,7262,14304,21566,8570,4888,13458,6764,8922,15686,15794,68290,82.92892263,68.60219913,2.096459771,3.198631463,5.170291615,8.168183677,71.47923168,14.88713877,47.86698294,1.988102628,50.14491443,0.952118628,0.317372876,0.281195657,48.30439841,90.50471332,7.924866494,0.070710019,0.117987067,0.089209733,0.032477276,0.100720667,35.60697884,66.52359083,1.872588375,6.224910763,22.01069733,77.98930267,4.451853466,14.70192849,16.01294158,14.81703783,7.62064897,4.536129942,1.081205524,63.2217458,12.89882301,76.1205688,62.92533926,27.46179809,9.466509351,0.146353295,20.43945779,3.959790501,21.11332273,2.773298936,51.00801744,40.9634267,58.01465601,4.233339635,4.060981441,25.6869308,39.38217927,0.660521078,0.065607312,0.032247662,0.241301471,7.026654361,0.160126322,15.79913043,0.01334386,0.002223977,0.338044457,0.366956154,14.85950027,51.30047037,0.01334386,50.48871888,12.13179286,0.982997698,1.986011187,8.075259371,15.90588131,23.98114068,9.529740128,5.435399037,14.96513917,7.521489175,9.921160026,17.4426492,17.56274394,75.93768417
GOA,1171,1458545,739140,719405,1165487,615823,549664,25449,12627,12822,149275,72948,76327,577248,419536,157712,476053,101195,881297,31354,26760,14708,504426,963877,121564,366130,1473,1095,1109,258,3039,234803,312761,41064,100565,204479,372103,576582,70842,174560,268661,262876,152299,144241,26180,188115,1287774,695406,455405,305640,2094,79512,79373,183814,39008,173533,71765,261842,287680,75139,257338,254532,56191,14177,3818,667,10479,53003,22965,1106,3971,1075,4035,10206,49955,257344,1125,275694,855,15514,209,738,851,1589,273,325,598,315,368,683,645,3724,83.3161512,76.40536277,1.708336716,1.782306211,9.869307574,10.60973999,56.7600184,21.92256101,32.63889698,6.938078702,60.42302432,2.149676561,1.834705134,1.008402209,34.58419178,66.08483112,8.334607434,0.100991056,0.076034678,0.075074818,0.017688861,0.20835833,40.72326226,54.24397571,7.121970509,17.44157813,35.46399298,64.53600702,4.857032179,11.96809149,18.41979507,18.02316692,10.44184444,9.889376056,1.794939477,75.39424564,12.89744231,88.29168795,47.67806273,31.2232396,20.95512994,0.143567734,13.79023279,13.7661252,31.87994075,6.765386363,30.09684659,45.41279471,49.89403068,13.03179773,12.44662511,44.14497851,9.745534894,2.458800309,0.662178146,0.115681724,1.817434467,9.192621344,3.982954723,0.191820071,0.688713834,0.186443559,0.69981373,1.770086475,8.663988817,44.63268017,0.195115352,47.81522836,0.148287668,2.690684066,0.036248097,0.127995671,0.147593924,0.275589595,0.047347992,0.056366657,0.103714649,0.054632299,0.0638244,0.118456698,0.111866135,0.645875175
GUJARAT,12493,60439692,31491260,28948432,41093358,23474873,17618485,4074447,2110331,1964116,8917174,4501389,4415785,24767747,18000914,6766833,20365374,4402373,35671945,5447500,6839415,343999,12136833,53533988,5846761,316178,58246,30483,579654,16480,57902,4667397,11013214,381622,1077510,9293240,8230790,17524030,6667022,14528220,5920431,7345431,3491202,3384559,620698,14190067,56147630,34370917,16291242,9538689,238844,4241134,743279,4158404,402969,7136827,766063,6550293,8399799,860003,6985686,10222752,1649636,544037,32690,25234,100175,4922415,583756,2585438,11356,41685,243633,323729,2867196,7801134,27055,8408796,1169970,1513388,8249,29274,36299,65573,10745,11626,22371,8419,13429,21848,12669,130705,74.54408938,60.86162111,6.701322843,6.784878711,14.29408985,15.25396954,57.16161881,23.37547332,33.69536364,7.283910381,59.02072598,9.013116745,11.31609837,0.569160743,20.08089816,88.57422371,9.673710779,0.096370445,0.959061803,0.050435399,0.02726685,0.095801282,26.63426735,62.84635441,2.17770684,6.148756878,53.03140887,46.96859113,11.03086693,24.03754804,9.795600878,12.15332302,5.776339826,5.59989452,1.026970819,69.42054404,23.47805975,92.89860379,56.8681207,26.95454173,15.78216017,0.395177394,24.20181887,4.241484407,23.72972427,2.299522427,40.72594603,37.37891912,47.93303253,4.907564071,4.371500163,58.33562257,9.413565259,3.104519908,0.186543849,0.143996558,0.571643623,28.0895148,3.331174393,14.75367253,0.064802446,0.237873366,1.390279519,1.847343334,16.36151045,44.51678067,0.154388003,47.98437346,6.67637524,8.636072867,0.047072506,0.167050616,0.207138426,0.374189042,0.061315805,0.066343187,0.127658992,0.048042602,0.076631916,0.124674518,0.072295014,0.74586154
HARYANA,1659,25351462,13494734,11856728,16598988,9794067,6804921,5113615,2709656,2403959,0,0,0,8916508,6806636,2109872,7015283,1901225,16434954,2480801,1528133,262280,4645294,22171128,1781342,50353,1243752,7514,52613,2548,42212,2075925,4270297,248076,622942,4444365,2643643,7088008,2534054,3514393,3001803,3217040,2137786,1866017,322513,7034207,23627813,15006789,6403218,3909921,31534,2112462,495654,1572760,210845,3157367,418399,3203191,3743361,375149,3237942,4168621,450538,820477,38527,32432,144453,1407940,108217,1178294,1421,14418,91628,151256,1009796,3138890,43789,3245527,610452,569268,2227,10973,11667,22640,8286,5636,13922,4958,7820,12778,4461,56038,72.57695483,57.39290806,20.07935836,20.27506239,0,0,50.43920095,17.79472381,27.67210428,7.499468867,64.82842686,9.785632876,6.027790429,1.034575442,18.3235744,87.45502725,7.026584897,4.906036583,0.207534382,0.029639316,0.010050702,0.166507162,29.28784787,60.24678584,3.499939616,8.788675182,62.70259571,37.29740429,9.995691767,13.86268374,11.84074907,12.68976125,8.432594538,7.360589303,1.272167262,65.45423692,27.74675086,93.20098778,59.19496477,25.25778592,15.422862,0.124387304,29.80332415,6.992853281,22.18902687,2.97467215,44.54519521,45.19169561,52.81259558,5.292728225,5.902913766,58.81230665,6.356341584,11.57556538,0.54355187,0.45756156,2.037991492,19.8636909,1.526761821,16.62376792,0.020047946,0.203413992,1.292718631,2.133970503,14.24654148,44.28451548,0.617789935,45.78898613,8.612462063,8.031424344,0.031419265,0.154810773,0.164601959,0.319412732,0.116901674,0.079514583,0.196416257,0.069949131,0.110327189,0.18027632,0.062937288,0.790602945
HIMACHAL PRADESH,342,6864602,3481873,3382729,5039736,2752590,2287146,1729252,876300,852952,392126,196118,196008,3559422,2043373,1516049,2062501,1496921,3305180,2062062,175038,58719,1263603,6532765,149881,12646,79896,78659,1805,856,8094,569556,1428783,41193,123338,2612611,321052,2933663,648716,1117178,982486,1166943,776104,425328,65479,1379928,6562162,3648872,1905011,1300556,10163,139577,122529,229087,109706,907586,61108,1098553,1215027,197735,1020523,1287937,152194,119972,3940,3069,25111,437990,19644,62688,10276,4941,27653,49941,516385,820157,7071,1321458,9591,140039,1922,4634,3682,8316,1322,758,2080,920,1358,2278,1564,16154,79.05486501,67.61245137,25.16748888,25.21490785,5.632543174,5.794374897,58.68602904,44.81733535,30.04545639,21.80637712,48.14816649,30.03906126,2.549863779,0.855388266,18.4075202,95.16596884,2.18338951,1.163883937,0.026294314,1.145863955,0.012469769,0.117909239,19.41449989,48.70303781,1.404149011,4.204232047,89.05627538,10.94372462,9.450161859,16.27447593,14.31235198,16.99942692,11.30588489,6.195960086,0.953864478,75.49212613,20.10208312,95.59420925,53.15489521,27.75122287,18.94583255,0.14804937,4.757772109,4.176655601,7.808906476,3.739556998,30.93695493,37.44646198,41.41672033,6.740208402,2.082993173,43.90200919,5.187848775,4.089494942,0.134303088,0.104613243,0.85596062,14.92979937,0.669606564,2.136850756,0.350278815,0.168424253,0.942609973,1.702342771,17.60205586,27.95675577,0.24102973,45.04464214,0.326929167,4.77352034,0.065515364,0.15795952,0.125508622,0.283468142,0.045063117,0.025838005,0.070901123,0.031360112,0.046290252,0.077650364,0.05331219,0.550642661
JAMMU AND KASHMIR,253,12541302,6640662,5900640,7067233,4264671,2802562,924991,486232,438759,1493299,776257,717042,4322713,3195090,1127623,2644149,1678564,8218589,1245316,547705,172586,2357106,3566674,8567485,35631,234848,112584,2490,1508,20082,635867,1715557,57977,168360,2663460,940172,3603632,1105608,1526226,1771552,1457576,863950,615858,133919,4121757,11596446,7725207,3069723,1731253,15119,208108,150465,260306,72820,1194854,76556,1028155,1400207,132533,1031297,1949265,44083,110275,256031,64479,107171,928610,93703,258427,125070,135385,63256,337048,578386,970643,13337,1288451,29439,466059,3325,6865,3080,9945,1527,1970,3497,1677,1048,2725,1193,20686,64.22057018,47.49589875,7.322041086,7.435786627,11.68945205,12.15193606,48.11402839,19.11018127,21.08352865,13.38428817,65.53218318,9.929718621,4.367210039,1.37614101,18.79474715,28.43942359,68.31415909,1.872596641,0.019854398,0.897705836,0.01202427,0.160126915,17.64517021,47.60633161,1.608849072,4.671953185,73.91043259,26.08956741,8.8157354,12.1695977,14.12574229,11.62220637,6.888838176,4.910638465,1.06782374,59.60058214,32.86546325,92.46604539,61.59812594,24.47690838,13.80441201,0.120553671,5.774951493,4.175370848,7.223434579,2.020739077,33.15693722,28.53107643,38.85543807,3.677761769,2.12441226,54.09167751,1.22329361,3.060107136,7.104804264,1.78927815,2.973971815,25.76872444,2.60023776,7.17129274,3.470665151,3.756904146,1.755340168,9.353008298,16.05008503,26.935131,0.370098834,35.75423351,0.816925813,12.93303534,0.092268023,0.190502249,0.085469327,0.275971575,0.042373916,0.054667069,0.097040985,0.046536383,0.029081771,0.075618154,0.033105489,0.574031977
JHARKHAND,8580,32988134,16930315,16057819,18328069,10882519,7445550,3985644,2043458,1942186,8645042,4315407,4329635,13098274,8424769,4673505,6818595,6279679,19889860,3814832,4436052,455162,4392228,22376051,4793994,1418608,71422,8956,14974,4235786,68343,720832,2829867,91074,426421,5746528,2049505,7796033,4779714,5937774,4514320,2790642,1636646,1154047,151720,11657684,32622547,20576647,7766660,4528093,116734,3636649,171952,992375,122465,2725805,176727,1657422,2968491,120221,1361867,5519412,473942,85875,17139,9317,59926,4759333,2139230,2921319,50434,99758,46150,207421,2778252,1433182,11079,795637,214535,1970173,8113,14742,8260,23002,3288,507,3795,708,1151,1859,1634,38409,64.27830197,46.36713118,12.06981678,12.09495511,25.48923041,26.96278368,49.76144271,29.10423265,20.66984146,19.03617525,60.29398329,11.5642552,13.44741718,1.379774921,13.31456941,67.83060539,14.53248007,0.216508154,0.045392079,0.027149156,12.84033222,0.207174495,9.246138389,36.29880735,1.168209524,5.46971774,73.71092452,26.28907548,14.48919178,17.99972681,13.68467825,8.459532752,4.961317303,3.49837005,0.459922953,63.5527399,35.33902221,98.89176211,62.37590462,23.54379911,13.72642963,0.353866636,46.64742953,2.205634584,12.72923037,1.570863027,34.96400028,21.25981252,38.07694247,1.542079157,2.266883683,70.79769929,6.079271342,1.101521761,0.219842579,0.119509499,0.76867299,61.0481382,27.43998133,37.4718655,0.64691876,1.279599509,0.591967735,2.660596742,35.63673987,18.38347785,0.142110738,10.20566486,2.75184828,25.27148102,0.104065747,0.189096172,0.105951322,0.295047494,0.042175296,0.006503308,0.048678604,0.009081542,0.014763919,0.023845461,0.020959378,0.492673646
KARNATAKA,17085,61095297,30966657,30128640,40647322,22508471,18138851,10474992,5264545,5210447,4248987,2134754,2114233,27872597,18270116,9602481,23397181,4475416,33222700,6580649,7155963,913227,13222758,51317472,7893065,1142647,28773,95710,440280,11263,166087,4282430,11945467,638468,1692253,10620687,7378379,17999066,6004302,12425200,7721533,8431196,4702161,4355748,791768,15548499,59980407,33676315,16740325,10632806,45851,4465369,833478,3374302,920192,7450784,917186,7911490,9433399,1062423,6749396,9786047,3033730,1789119,98537,61802,155429,5926298,1051685,2831342,42476,107435,183932,458615,4919991,5859220,124772,8706964,2101712,2400700,11566,25778,25473,51251,10663,4970,15633,6956,10222,17178,7569,103198,72.68615078,60.204679,17.00068884,17.29399999,6.893717975,7.017352924,58.99931659,31.87160456,38.29620633,7.325303615,54.37849005,10.77112204,11.71278863,1.494758263,21.64284102,83.99578121,12.91926775,0.047095278,0.720644668,0.156656903,0.018435134,0.271849075,23.79251234,66.36714927,3.547228506,9.401893409,59.00687847,40.99312153,9.827764648,20.3374083,12.63850636,13.80007368,7.696436929,7.129432565,1.295955726,72.72557821,25.44958411,98.17516232,55.12096127,27.40034965,17.40364074,0.07504833,24.80889286,4.630673614,18.74709499,5.112443057,41.39539241,43.955003,52.41049174,5.902656282,5.09574219,54.36974896,16.85493014,9.940065779,0.547456185,0.343362261,0.863539253,32.92558625,5.842997631,15.73049402,0.235990023,0.596892083,1.02189747,2.547993324,27.3347017,32.55291136,0.693213748,48.37453232,11.67678367,13.33791431,0.06425889,0.143218543,0.14152401,0.284742553,0.059241963,0.027612544,0.086854507,0.03864645,0.056791836,0.095438286,0.042052182,0.573351973
KERALA,8323,33406061,16027412,17378649,28135824,13704903,14430921,3039573,1477808,1561765,484839,238203,246636,11619063,8451569,3167494,9329747,2289316,21786998,670253,1322850,273022,9352938,18282492,8873472,6141269,3814,4752,4489,7618,88155,2765913,7284706,483609,1214644,5857785,5360068,11217853,2505698,5405604,6417918,7583656,3808994,2992499,683541,3633601,33031511,15711427,9796202,7863946,34486,1577993,788957,1857699,893306,3608956,665427,5929498,6919494,2417232,7345977,6996527,563891,2183566,16776,12052,342003,289724,3657463,323796,108527,15215,162466,342001,1086145,5999089,55793,2263713,285394,631136,8054,15744,14093,29837,4013,4103,8116,2070,2348,4418,1542,51966,85.50914521,83.03822121,9.220502973,8.986688206,1.486222479,1.41918972,52.73196321,18.2263535,27.92830618,6.852995928,65.21869789,2.006381417,3.959910149,0.817282828,27.99772772,54.72806866,26.56246123,0.01141709,0.013437681,0.014224964,0.022804245,0.263889239,24.65634912,64.93850472,4.311065584,10.82777605,52.2184147,47.7815853,7.500728685,16.1815067,19.21183704,22.70143732,11.40210455,8.957952271,2.04615863,88.0017252,10.87707108,98.87879628,47.0316659,29.32462465,23.54047668,0.103232764,14.06680048,7.033048124,16.56020096,7.963252861,32.17153942,52.85769033,61.68287283,21.54808055,5.931857014,62.36957286,5.026728377,19.46509729,0.149547333,0.107435888,3.048738471,2.582704551,32.60394837,2.886434686,0.967448941,0.135632014,1.4482807,3.048720642,9.682289472,53.47804968,0.497358987,20.17955664,2.544105365,5.626174634,0.07179627,0.140347712,0.125630101,0.265977812,0.035773334,0.036575626,0.07234896,0.018452729,0.020930921,0.03938365,0.013745946,0.463243724
LAKSHADWEEP,587,64473,33123,31350,52553,28023,24530,0,0,0,61120,30515,30605,18753,15318,3435,10804,7949,45720,0,0,264,18489,1788,62268,317,8,10,11,7,64,1779,10669,327,1501,5289,15953,21242,5641,13391,13836,13997,6642,3491,1059,5953,64010,33877,19244,11237,115,9027,245,4109,870,4977,842,6855,10023,4176,10467,8934,1582,43,0,0,45,195,6942,271,0,1,547,586,1534,8956,38,2168,5,213,104,369,426,795,136,162,298,158,184,342,322,1861,84.60284395,78.24561404,0,0,92.12631706,97.62360447,46.24581107,10.9569378,16.75740232,12.32919206,70.91340561,0,0,0.409473733,28.67712066,2.77325392,96.57996371,0.012408295,0.017061406,0.015510369,0.010857258,0.09926636,8.374917616,50.22596742,1.539403069,7.066189624,24.89878543,75.10121457,8.749398973,20.7699347,21.46014611,21.70986304,10.30198688,5.414669707,1.642548043,90.04854745,9.233322476,99.28186993,52.54447598,29.84815349,17.42900129,0.17836924,42.49599849,1.153375388,19.34375294,4.095659542,23.42999718,32.2709726,47.18482252,19.6591658,3.963845212,42.05818661,7.447509651,0.20242915,0,0,0.211844459,0.917992656,32.68053856,1.275774409,0,0.004707655,2.575087092,2.758685623,7.221542228,42.16175501,0.178890877,10.20619527,0.023538273,1.00273044,0.489596083,1.737124565,2.005460879,3.742585444,0.640241032,0.762640053,1.402881085,0.743809434,0.866208455,1.610017889,1.515864796,8.760945297
MADHYA PRADESH,22125,72626809,37612306,35014503,42851169,25174328,17676841,11342320,5908638,5433682,15316784,7719404,7597380,31574133,20146970,11427163,22702119,8872014,41052676,9844439,12192267,959259,8578168,66007121,4774695,213282,151412,216052,567028,599594,97625,2717504,10044644,212473,883603,13453987,5044776,18498763,10486391,10363593,7486768,5754570,4267299,3476419,391303,26761119,68987462,44264116,17814066,10465765,82862,5947760,401774,2815403,359303,6074734,426457,4811219,6886675,452638,4313282,13602044,1002274,347169,60975,41363,187638,10476518,2833019,8179527,44947,110669,86179,299795,6821967,3577237,58000,3496868,1134605,4568393,16130,32115,24381,56496,3729,2761,6490,2408,3756,6164,3989,89277,66.93109431,50.48434073,15.70932131,15.51837534,20.52361267,21.69780905,53.56483593,32.63551392,31.2585935,12.215894,56.5255125,13.55482794,16.78755706,1.320805655,11.81129684,90.88533822,6.574287189,0.208479489,0.780741998,0.297482435,0.82558219,0.13442006,14.69019307,54.29900367,1.148579502,4.776551816,72.72911708,27.27088292,14.43873295,14.26965213,10.30854598,7.923479056,5.875652612,4.786688343,0.538785891,58.14153696,36.8474388,94.98897577,60.94735072,24.52822346,14.41033297,0.114092855,32.15220391,2.171896575,15.21941224,1.942308251,32.83859575,26.00832823,37.2277595,2.446855501,2.305327118,73.5294787,5.418059575,1.876714675,0.329616634,0.223598735,1.014327282,56.63361383,15.31464023,44.216616,0.242973003,0.598250813,0.465863582,1.620621876,36.87796314,19.33770923,0.313534478,18.90325315,6.13341011,24.69566749,0.087195019,0.173606203,0.131798002,0.305404205,0.020158105,0.014925322,0.035083427,0.013017087,0.02030406,0.033321147,0.021563604,0.482610648
MAHARASHTRA,17990,112374333,58243056,54131277,81554290,45257584,36296706,13275898,6767759,6508139,10510213,5315025,5195188,49427878,32616875,16811003,43762890,5664988,62946455,12569373,13486140,1225426,22146939,89703057,12971152,1080073,223247,6531200,1400349,178965,286290,10335795,20004164,1379351,3174031,17519193,16050569,33569762,10211270,18242722,15861646,17831786,10618622,8463507,1209278,22824116,105262947,61782561,30272010,19912066,407696,7264830,1407482,5941782,1495311,12799041,1726271,13525610,16458761,2164409,12653950,19331240,3757010,2089655,209382,154331,389057,8094313,2913516,3699744,82609,86630,246243,511658,6564667,14153281,96176,16179312,1351069,3112632,15240,61796,70807,132603,29860,23999,53859,31912,40163,72075,43658,317442,77.70468637,67.05311238,11.61985559,12.02288097,9.125594303,9.597386738,56.00131113,31.0559882,38.9438485,5.041176084,56.01497541,11.18527039,12.00108569,1.090485672,19.70818283,79.82521863,11.54280667,0.198663693,1.246146662,5.812003351,0.159257897,0.254764582,30.78900291,59.58982968,4.108909083,9.455029797,52.18742093,47.81257907,9.086834802,16.23388679,14.11500792,15.86820186,9.449330391,7.531530354,1.076115842,73.36090796,20.31079108,93.67169903,54.97924602,26.93854477,17.71940751,0.362801708,21.64099346,4.192707711,17.69980377,4.454338997,38.12669569,40.29105121,49.0285305,6.447495815,5.142339109,57.5852757,11.1916492,6.224813271,0.623722027,0.459732184,1.158950725,24.11191655,8.678989145,11.02106116,0.246081578,0.258059619,0.733526201,1.524163323,19.55529801,42.16080233,0.286495925,48.1960879,4.024660645,9.272130079,0.045397998,0.18408233,0.210924939,0.395007269,0.088949097,0.071489932,0.160439028,0.09506174,0.119640407,0.214702148,0.130051562,0.945618858
MANIPUR,2484,2855794,1438586,1417208,1908476,1039858,868618,97328,48863,48465,1167422,588279,579143,1304610,739408,565202,974163,330447,1551184,574031,134077,91356,524305,1181876,239836,1179043,1527,7084,1692,233767,10969,150449,346635,10886,45707,397837,212127,609964,248408,476583,593970,394644,276496,251453,20342,737422,2999318,1700955,737266,409796,7777,226207,30423,100452,15423,265308,19524,240325,291705,10974,452865,474799,24691,175563,40739,27713,80450,45230,23671,34620,28389,76001,17046,239031,234183,81420,117595,195600,1833,191549,716,1308,807,2115,262,117,379,72,49,121,36,3366,72.28333933,61.29079147,3.396599161,3.419752076,40.89286285,40.86506709,51.398248,39.88137239,34.11180919,11.57110772,54.31708309,20.10057448,4.694911468,3.198970234,18.35934245,41.38519795,8.398224802,0.053470243,0.059247971,0.248057108,8.185709473,0.384096332,24.66522614,56.82876366,1.78469549,7.493393053,65.22302956,34.77697044,8.698386508,16.68828354,20.7987691,13.81906398,9.68193084,8.805011846,0.71230628,79.20375209,25.82196055,105.0257126,59.561544,25.81649797,14.34963446,0.272323564,37.08530339,4.987671404,16.4685129,2.528509879,43.49568171,39.39986622,47.82331416,1.799122571,3.20084464,77.8404955,4.047943813,28.78251831,6.678918756,4.543382888,13.18930298,7.415191716,3.880720829,5.675744798,4.654209101,12.45991567,2.794591156,39.18772255,38.39292155,13.34832875,19.27900663,32.06746628,0.300509538,31.40332872,0.117383977,0.214438885,0.13230289,0.346741775,0.042953355,0.01918146,0.062134815,0.011803975,0.008033261,0.019837236,0.005901988,0.551835846
MEGHALAYA,2072,2966889,1491832,1475057,1785005,913879,871126,17355,9157,8198,2555861,1269728,1286133,1185619,703709,481910,921575,264044,1781270,494675,198364,20488,472092,342078,130399,2213027,3045,9864,627,258271,9578,63768,327958,8079,40872,553593,167874,721467,487099,590822,403779,286005,135182,94205,18181,900507,2915780,2040423,632928,287754,5784,71766,28837,28858,8231,210473,13553,181191,231409,12705,338650,441123,84063,125335,7880,1792,46433,184572,99302,29283,102076,14143,14090,161080,232706,129528,30771,211347,14167,176065,503,1595,1021,2616,369,302,671,98,124,222,164,4176,61.25884148,59.05710762,0.613809062,0.555775133,85.11199653,87.19208817,47.17079403,32.67060188,31.06199794,8.899692574,60.03830949,16.67318865,6.685925897,0.690554989,15.91202098,11.52985501,4.395142521,0.102632758,0.021133248,0.332469465,8.705111651,0.322829738,8.838657901,45.45710337,1.119801737,5.665123977,76.73157608,23.26842392,16.417837,19.91385589,13.60950814,9.639895527,4.556355159,3.175211476,0.612796771,67.92545997,30.35189385,98.27735382,68.77314925,21.3330529,9.698846165,0.194951682,9.947232514,3.996995012,3.999905748,1.140869922,29.17292128,25.11424639,32.07478651,1.760995305,1.878533599,61.14250548,11.65167638,17.37224294,1.092219048,0.248382809,6.435914602,25.58287489,13.7639005,4.058813501,14.14839487,1.960311421,1.952965278,22.32673151,32.25455911,17.95341991,4.26505994,29.29406335,1.963637977,24.40374958,0.069719059,0.221077333,0.141517214,0.362594547,0.05114579,0.041859156,0.093004947,0.013583435,0.017187203,0.030770638,0.022731462,0.578820653
MIZORAM,2276,1097206,555339,541867,848175,438529,409646,1218,807,411,1036115,516294,519821,486705,290740,195965,415030,71675,610501,229603,41787,7852,207463,30136,14832,956331,286,93411,376,808,1026,116166,186155,5605,33650,123347,146084,269431,123782,220893,250675,162403,68119,52054,2565,190080,1070571,680399,272113,144061,633,9425,16072,30575,3694,141254,17044,121725,160756,15808,203185,145538,70292,67604,1266,583,14706,14550,6059,3778,40707,17040,15324,77098,103156,68882,4027,129807,1961,49039,175,570,623,1193,224,119,343,92,132,224,175,2108,78.96600095,75.59899385,0.145316644,0.075848871,92.96915938,95.93147396,52.35360744,36.16477844,37.82607824,6.532501645,55.64142012,20.92615243,3.808491751,0.715635897,18.90829981,2.74661276,1.351797201,0.026066208,0.034268861,8.513533466,0.073641595,0.093510243,43.11530596,69.09190108,2.080309987,12.48928297,45.78055235,54.21944765,11.28156426,20.13231791,22.8466669,14.80150491,6.208405714,4.744232168,0.233775608,80.24846747,17.32400297,97.57247044,62.01196494,24.80053882,13.12980425,0.057691992,3.498112689,5.965163623,11.34798891,1.371037483,52.42678088,45.17854293,59.66499772,5.867179352,6.325923891,54.01679836,26.08905434,25.09139631,0.469879116,0.216381931,5.458169253,5.400269457,2.24881324,1.402214296,15.10850645,6.324439281,5.687541523,28.61511853,38.28661141,25.56572926,1.494631279,48.17819776,0.727830131,18.20094941,0.064951694,0.211556948,0.231228032,0.44278498,0.083138169,0.044167152,0.127305321,0.034146034,0.048992135,0.083138169,0.064951694,0.782389554
NAGALAND,2926,1978502,1024649,953853,1342434,723957,618477,0,0,0,1710973,866027,844946,974122,547357,426765,741179,232943,1004380,537702,62962,22838,350620,173054,48963,1739651,1890,6759,2655,3214,2316,79824,326405,6935,35732,360385,174039,534424,226798,391795,406074,190484,103214,89079,7957,494894,1910295,1289918,475130,211983,1471,31453,31132,25274,5328,194245,13272,151670,212226,12653,306068,295232,85389,110689,4475,1208,40028,66116,76398,26603,22471,7950,10689,82169,169448,117149,41059,188593,17919,113368,439,1530,887,2417,392,129,521,117,125,242,146,3763,70.65414596,64.83986526,0,0,84.51938176,88.58241259,53.41897567,44.74117081,37.46162501,11.77370556,50.76466943,27.17722802,3.182306614,1.154307653,17.72148828,8.746718477,2.4747511,0.095526818,0.134192434,0.341622096,0.162446133,0.117058259,14.93645495,61.076037,1.297658788,6.686076973,67.43428439,32.56571561,11.46311705,19.80260824,20.52431587,9.627688019,5.216775116,4.502345714,0.402172957,71.53902296,25.01357087,96.55259383,65.19669932,24.01463329,10.71431821,0.074349179,5.885401853,5.825337185,4.729203778,0.996961214,36.34660869,28.38008772,39.71116567,2.367595767,2.483421403,55.24302801,15.97776297,20.7118318,0.837350119,0.226037753,7.489933087,12.37145038,14.29539093,4.97788273,4.20471386,1.487582893,2.000097301,15.37524512,31.70665988,21.92060985,7.68285107,35.28902145,3.352955706,21.21311917,0.082144514,0.286289538,0.165973085,0.452262623,0.073349999,0.024138138,0.097488137,0.021892729,0.023389668,0.045282397,0.027319132,0.704122569
NCT OF DELHI,846,16787941,8987326,7800615,12737767,7194856,5542911,2812309,1488800,1323509,0,0,0,5587049,4762026,825023,5307329,279720,11200892,33398,39475,181852,5332324,13712100,2158684,146093,570581,18449,166231,2197,13606,3003996,3310809,588951,972948,124422,4481133,4605555,1121440,2459701,2691147,2582915,2134748,2346885,224262,1982298,15543396,9665080,4762353,2343806,16702,1022199,692279,1298383,171323,2279781,766847,2939423,3031775,580671,2990741,2279303,941459,59339,69640,68424,31092,109349,626,457977,298,443,120728,162601,514341,2620082,41132,2716793,279589,206115,5202,15129,17127,32256,5301,5238,10539,4338,5103,9441,6921,64359,80.05558049,71.05735894,16.5655502,16.96672634,0,0,52.98601609,10.57638404,31.61393646,1.666195992,66.71986755,0.198940418,0.23513902,1.083229921,31.76282309,81.67827133,12.85853935,3.398755095,0.990180988,0.109894358,0.013086775,0.08104627,65.225494,71.88729697,12.7878399,21.1255321,2.701563655,97.29843634,6.680033007,14.65159426,16.03023861,15.38553775,12.71596082,13.97958809,1.335851728,80.77880426,11.80786852,92.58667278,57.57156283,28.36770155,13.96124754,0.099488079,22.19491462,15.03139144,28.19167288,3.719920835,49.50067907,63.82342628,65.82865692,12.60805701,16.65047969,49.4903003,20.44181429,1.288422351,1.512087034,1.485684136,0.67509779,2.374284967,0.013592281,9.944013262,0.006470447,0.009618819,2.621356167,3.530540836,11.16783971,56.88960397,0.893095403,58.98948118,6.07069072,4.47535639,0.112950556,0.328494611,0.371877005,0.700371616,0.115100135,0.113732221,0.228832356,0.094190602,0.110800978,0.204991581,0.150275048,1.397421158
ORISSA,11535,41974218,21212136,20762082,26742595,15089681,11652914,7188463,3617808,3570655,9590756,4727732,4863024,17541589,11902655,5638934,10707543,6834046,24432629,4103989,6739993,783080,5914527,39300341,911670,1161708,21991,13852,9420,478317,76919,949203,4155886,135393,491066,10554975,2204158,12759133,5501486,8066601,6700024,4093205,1829576,1689899,430264,13705186,42016241,23359384,11179683,7315980,119171,5894822,172660,1401091,176200,3441856,203125,2581277,3846884,228828,2129296,8728383,645697,337593,81285,30567,150103,7399391,1670951,5933204,175596,166557,75069,503516,4081087,2161677,86294,1337028,1929000,3418321,12551,15919,8744,24663,4766,3916,8682,987,1597,2584,1351,49831,71.13701798,56.12594151,17.05536868,17.19796213,22.28786389,23.42262207,56.11247731,27.15977136,25.50980938,16.28153263,58.20865799,9.77740431,16.05745937,1.865621416,14.09085692,93.62971575,2.17197614,0.052391685,0.022442348,0.03300121,1.139549521,0.183252967,7.439400467,32.57185265,1.061145769,3.848741133,82.72486069,17.27513931,13.10682191,19.21798996,15.96223663,9.751712349,4.358809019,4.026040461,1.02506734,67.44867766,32.65143856,100.1001162,55.65174317,26.63464272,17.42969935,0.283914759,46.20080377,1.353226744,10.98108312,1.380971575,26.97562601,20.23081819,30.15004233,1.793444743,1.591996886,68.40890365,5.060665172,2.645892946,0.637073068,0.239569569,1.176435734,57.99289811,13.09611711,46.50162358,1.376237711,1.30539434,0.588355024,3.946318296,31.98561376,16.94219349,0.676331221,10.47898787,15.11858212,26.7911699,0.098368753,0.124765531,0.068531302,0.193296833,0.037353635,0.030691741,0.068045376,0.007735635,0.012516524,0.02025216,0.010588494,0.390551615
PONDICHERRY,2542,1247953,612511,635442,957309,497378,459931,196325,95512,100813,0,0,0,444968,332931,112037,399689,45279,802985,12099,68391,7892,356586,1089409,75556,78550,297,451,1400,168,2122,212517,294205,18086,40958,122914,265085,387999,87059,177650,200672,198755,107261,161376,24537,197494,1154804,627771,387613,231468,1101,155259,16879,140352,15439,188881,31804,246521,243629,39309,206221,195610,93807,2318,859,638,930,81781,5336,7646,56,13,838,917,64688,233153,10,287026,4163,3435,1937,7324,8011,15335,4775,2854,7629,1974,3417,5391,4679,34971,81.20311309,72.37969791,15.59351587,15.86501994,0,0,54.35510546,17.63134952,32.02756835,3.628261641,64.34417001,0.969507666,5.480254465,0.632395611,28.57367225,87.2956754,6.054394677,0.023798973,0.112183712,0.036139182,0.013462045,0.170038455,54.77256385,75.82622636,4.66135222,10.55621277,31.67894763,68.32105237,6.976144134,14.23531175,16.08009276,15.92648121,8.594955098,12.93125623,1.966179816,76.71042099,15.82543573,92.53585672,50.30405793,31.0599037,18.5478139,0.088224476,40.01530932,4.350268944,36.17328911,3.979133967,48.68079557,63.53650396,62.79114121,10.13121168,8.196928343,50.41507839,24.17712417,0.59742422,0.221392323,0.164433413,0.239691339,21.07763164,1.375261276,1.970623636,0.014433027,0.003350524,0.215979938,0.236340815,16.67220792,60.09113426,0.002577326,73.97596386,1.07294091,0.88531156,0.499228091,1.887633731,2.064696043,3.952329774,1.230673275,0.735568906,1.966242181,0.508764198,0.880672373,1.389436571,1.205930943,9.01316756
PUNJAB,890,27743338,14639465,13103873,18707137,10436056,8271081,8860179,4639875,4220304,0,0,0,9897362,8074157,1823205,8450936,1446426,17845976,1934511,1588455,385960,5988436,10678138,535489,348230,16004754,33237,45040,10886,87564,2949753,5225793,292111,690096,4668757,3178690,7847447,2422485,4060061,3439808,3946146,2426383,1574711,308408,7079622,25257624,15143130,7481850,5076836,41522,3589937,709711,2566796,361086,3368428,543122,4468245,4442740,713226,4289132,4807947,474187,1040419,41199,28274,178623,1053245,11315,2519267,1668,12114,89659,108040,538325,4648254,4599,2758111,1182986,223120,3017,11530,15827,27357,9200,6311,15511,7349,10597,17946,9560,73388,71.28714062,63.11936173,31.69429347,32.20653924,0,0,55.15336114,13.91348191,30.46113629,5.213597585,64.32526612,6.972884806,5.725536704,1.391180831,21.58513154,38.48901671,1.930153466,57.68863862,0.162345281,0.119801734,0.039238249,0.315621718,37.58869604,66.5922688,3.722369836,8.793891822,59.49396027,40.50603973,8.73177193,14.63436375,12.39868108,14.22376067,8.74582215,5.675996883,1.111647056,65.52204353,25.51827758,91.0403211,54.58294168,26.96809591,18.29929765,0.149664759,45.74655936,9.043845725,32.70867583,4.60131811,42.92387066,56.93883629,56.61382613,9.088637362,6.921002461,61.26765813,6.042563906,13.25805705,0.524998767,0.36029552,2.276192499,13.42149874,0.14418702,32.10301388,0.02125532,0.154368676,1.142524441,1.376753484,6.859874301,59.23269058,0.058605047,35.14660246,15.07478802,2.843217673,0.038445624,0.146926765,0.201683426,0.348610191,0.11723558,0.080421059,0.197656639,0.093648291,0.135037548,0.228685839,0.121823059,0.935183124
RAJASTHAN,3795,68548437,35550997,32997440,38275282,23688412,14586870,12221593,6355564,5866029,9238534,4742943,4495591,29886255,18297076,11589179,21057968,8828287,38662182,13618870,4939664,720573,10607148,60657103,6215377,96430,872930,12185,622023,4676,67713,2873314,8430040,226501,869923,13296654,4774309,18070963,10023840,9701209,7804790,4979245,3241557,3500508,538033,30026672,69815854,42814434,15938006,9526395,269602,3598136,586254,3026614,312904,7861580,447438,4727542,8882714,708230,4399688,11728014,673787,816719,105414,94061,232167,8095074,1209912,4715973,9213,105638,545324,1397763,4909095,4408822,737588,5105877,1537886,3263386,10831,32555,30478,63033,6317,4698,11015,5076,8235,13311,10589,108763,66.63220162,44.20606568,17.87731579,17.77722454,13.34123766,13.62405993,51.46712482,35.12144882,30.71983684,12.87890342,56.40125974,19.86751354,7.206092825,1.051188082,15.47394582,88.48794466,9.067131611,1.273449896,0.907421128,0.017775752,0.006821454,0.098781246,15.9001709,46.64964452,1.253397508,4.813927183,73.58021817,26.41978183,14.623003,14.15234165,11.38580301,7.263834477,4.728856181,5.106619718,0.784894629,58.04535266,43.80358373,101.8489364,62.45865825,23.25072124,13.89731906,0.393301455,19.91114696,3.24417686,16.74849315,1.731529194,43.50393501,26.16098544,49.15462447,3.919160257,2.476005291,64.89977319,3.728561671,4.519510111,0.583333605,0.520509062,1.284751676,44.79602996,6.695337708,26.09696561,0.050982341,0.584573163,3.017680906,7.734856189,27.16565243,24.39727202,4.081619779,28.25459274,8.510260355,18.05872769,0.059935931,0.180150886,0.16865731,0.348808196,0.034956632,0.025997508,0.06095414,0.028089261,0.045570344,0.073659605,0.058596767,0.601866099
SIKKIM,970,610577,323070,287507,444952,251269,193683,28275,14454,13821,206360,105261,101099,308138,194358,113780,230397,77741,302439,117401,25986,5143,159608,352662,9867,60522,1868,167216,314,16300,1828,52871,118578,4284,14834,115395,53627,169022,94633,125319,94096,54858,34950,32907,3970,98437,539170,364810,161866,82725,1176,1135,10599,3630,2249,86696,5021,70100,93491,4546,111734,82619,39144,15365,219,93,4384,14512,214,74,14163,533,2502,18004,38007,67403,806,109268,53,22721,142,324,215,539,87,84,171,19,15,34,29,913,77.77540471,67.36635978,4.473953013,4.807187303,32.58148389,35.1640134,60.15971771,39.57468862,37.73430706,12.73238265,49.5333103,19.22787789,4.255974267,0.842318004,26.14051954,57.75880847,1.616012395,0.305940119,0.051426765,27.38655403,2.669605963,0.299388939,31.28054336,70.15536439,2.534581297,8.776372307,68.27217759,31.72782241,15.49894608,20.52468403,15.41099648,8.984616191,5.724093767,5.389492234,0.650204642,72.18303343,16.12196332,88.30499675,59.74840192,26.51033367,13.54865971,0.1926047,0.671510218,6.270781318,2.147649418,1.330596017,51.29273112,41.47389097,55.31291785,2.689590704,2.970619209,48.88061909,23.15911538,9.090532593,0.129568932,0.055022423,2.593745193,8.585864562,0.126610737,0.043781283,8.379382566,0.315343565,1.480280674,10.6518678,22.48642189,39.8782407,0.476861,64.64720569,0.031356865,13.44262877,0.084012732,0.191691022,0.127202376,0.318893398,0.051472589,0.049697672,0.101170262,0.01124114,0.008874584,0.020115725,0.01715753,0.540166369
TAMIL NADU,19760,72147030,36137975,36009055,51837507,28040491,23797016,14438445,7204687,7233758,794697,401068,393629,32884681,21434978,11449703,27942181,4942500,39262349,4248457,9606547,1364893,17664784,63188168,4229479,4418331,14601,11186,89265,7414,188586,8864716,17265059,772257,1956630,11937264,11229457,23166721,5073396,12042684,11777047,10557632,5628815,7131256,1228196,14612434,68051460,36336584,21429281,14314360,66805,8365803,794957,5977406,1052287,11482800,1174257,16080190,13850821,1315734,8930581,13786507,4321071,1102422,203134,149455,209644,8454702,710033,2361219,41088,40405,267489,440884,10744728,6450541,91902,14752606,1507857,1297734,13319,44103,37180,81283,22188,12888,35076,8312,15348,23660,15362,168697,77.59286734,66.08619971,19.93660962,20.08871935,1.109824222,1.093138934,59.31427536,31.79673279,38.72949586,6.85059385,54.41991029,5.888609691,13.31523557,1.891821465,24.48442299,87.58249369,5.862305073,0.020237839,0.123726507,0.01550445,0.010276237,0.261391217,38.26487141,74.52525975,3.333475635,8.445865084,51.52763742,48.47236258,7.032023356,16.69186382,16.32367542,14.63349496,7.801866549,9.884337581,1.702351434,74.06961312,20.2536875,94.32330063,50.36462901,29.70223584,19.84053952,0.092595634,36.11129516,3.431461017,25.801692,4.54223539,49.56592692,69.4107293,59.78757633,5.679414018,5.068723364,59.50996259,18.65206129,4.758644955,0.876835354,0.645127983,0.904936007,36.49503095,3.064883459,10.19228833,0.177357857,0.174409663,1.154626069,1.90309194,46.38001209,27.84399657,0.39669835,63.68016432,6.508719987,5.601716359,0.057491951,0.190372215,0.160488832,0.350861048,0.095775315,0.055631524,0.151406839,0.035879053,0.066250204,0.102129257,0.066310636,0.728186781
TRIPURA,1162,3673917,1874376,1799541,2804783,1501369,1303414,654918,334370,320548,1166813,588327,578486,1469521,1045326,424195,1077019,392502,2204396,295947,353618,41496,778460,3063903,316042,159882,1070,125385,860,1514,5261,148637,576787,8612,61956,748686,318177,1066863,572033,908733,887990,295040,151689,137119,23264,733386,3709254,2093146,1010551,568604,1616,331560,18443,69463,17491,360143,12784,377988,405115,27481,725092,774211,46693,507359,8323,3760,60238,96619,206233,289345,15960,15414,7622,43071,257323,312494,4075,279789,136980,272964,671,1900,1330,3230,456,420,876,100,124,224,237,5238,80.0996705,72.43035863,17.83900349,17.81276448,31.38788589,32.14630842,55.76928002,23.57239985,29.31527849,10.68347489,60.00124663,8.055353455,9.62509496,1.129475707,21.18882925,83.39608652,8.602317363,0.029124229,0.023408259,3.412842478,0.041209423,0.143198662,13.93215436,54.06383013,0.80722642,5.807306093,70.17639566,29.82360434,15.57011223,24.73471774,24.17011598,8.030665908,4.128808571,3.732229117,0.63322062,80.99987017,19.9619643,100.9618345,56.97314338,27.50609227,15.4767786,0.043985751,31.0780297,1.728713059,6.510957827,1.639479483,33.75719282,35.42985369,37.97254193,2.575869629,1.198279442,72.56892403,4.37666317,47.55615295,0.780137656,0.35243513,5.646273233,9.056364313,19.33078568,27.12110177,1.495974647,1.444796567,0.714431,4.03716316,24.11959174,29.29092114,0.381960945,26.22539164,12.83951173,25.58566564,0.062894673,0.17809222,0.124664554,0.302756774,0.042742133,0.039367754,0.082109887,0.009373275,0.011622861,0.020996135,0.022214661,0.49097213
UTTAR PRADESH,11857,199812341,104480510,95331831,114397555,68234964,46162591,41357608,21676975,19680633,1134273,581083,553190,65814715,49846762,15967953,44635492,21179223,133997626,19057888,19939223,3898590,22919014,159312654,38483967,356448,643500,206285,213267,13598,582622,6226793,12120231,609773,2664447,34726215,10446228,45172443,29707438,33441369,26347392,17311875,11978183,9588223,933280,70537129,199844889,126507123,44192083,27491073,1622062,22329804,1250106,6455749,1097897,20149607,932537,10935311,22036666,789162,11736853,31178985,1353666,1376353,558090,151717,581471,20754080,1114990,22343361,12160,27866,224073,300232,11857526,17094941,36133,8976317,964281,3971799,37958,82416,56146,138562,15329,20209,35538,12115,6564,18679,7154,237885,65.30879683,48.42306134,20.74738628,20.64434596,0.556164016,0.580278375,47.70914882,16.74986501,22.3387063,10.59955701,67.06173669,9.537893358,9.978974722,1.951125732,11.4702695,79.73113833,19.26005511,0.32205218,0.106733648,0.103239369,0.006805385,0.291584592,13.78449468,26.83102838,1.349878288,5.898390308,76.87477739,23.12522261,14.86766926,16.73638817,13.18606842,8.664066951,5.994716312,4.798614016,0.467078257,64.71460139,35.3016879,100.0162893,63.31296774,22.11679358,13.75844598,0.811792701,49.43235857,2.76740844,14.29134351,2.430457436,44.60597139,24.20792473,48.78342754,1.746998718,2.064393551,69.02213591,2.996663253,3.046886351,1.235465613,0.335861844,1.287225046,45.94411686,2.468296877,49.46237023,0.026919067,0.061688052,0.496039145,0.664635295,26.24946807,37.84373805,0.079989032,19.87122326,2.134666482,8.792526452,0.084029106,0.182447516,0.124292591,0.306740107,0.033934406,0.044737452,0.078671858,0.026819448,0.014530983,0.041350431,0.015837089,0.526615308
UTTARAKHAND,806,10086292,5137773,4948519,6880953,3863708,3017245,1892516,968586,923930,291903,148669,143234,3872275,2551921,1320354,2870624,1001651,6214017,1580423,403301,114312,1774239,8368636,1406825,37781,236340,14926,9183,993,11608,883286,1738175,63032,218358,2512569,870841,3383410,1171572,1711250,1544365,1121015,859913,818020,91998,2239597,9557730,6033370,2419886,1616428,16608,624922,124006,457054,63362,1294045,125209,1237708,1489596,132189,1313561,1655435,247492,237050,13993,6730,28314,660675,8796,479141,21297,17745,79293,132857,531104,1163354,14522,1362436,39434,302610,1793,3935,3010,6945,811,920,1731,871,389,1260,463,12189,75.201999,60.97268698,18.85225369,18.67083869,2.893646722,2.894482167,49.66978884,26.68180116,28.46064738,9.930815011,61.60853761,15.6690189,3.998506091,1.133340181,17.59059722,82.97039189,13.94789086,2.343180229,0.09104436,0.147983025,0.009845045,0.115086892,26.1063838,51.37346641,1.862972563,6.453784791,74.26144038,25.73855962,11.61548763,16.96609616,15.3115238,11.11424297,8.525561227,8.11021533,0.912109227,72.55523635,22.2043641,94.75960046,59.81752263,23.9918297,16.02598854,0.164659123,18.47018245,3.665118918,13.50867911,1.872726037,38.24676879,36.58167352,44.02647034,3.906975507,3.700674763,48.92800459,7.314868727,7.006245179,0.413576835,0.198911749,0.836848032,19.52689742,0.259974405,14.16148206,0.629453717,0.524470874,2.343582362,3.926718902,15.69729947,34.38406814,0.429211949,40.26813186,1.165510535,8.943935261,0.052993873,0.116302783,0.088963501,0.205266285,0.0239699,0.027191502,0.051161402,0.025743259,0.011497276,0.037240535,0.013684419,0.360257846
WEST BENGAL,6384,91276115,46809027,44467088,61538281,33818810,27719471,21463270,11003304,10459966,5296953,2649974,2646979,34756355,26716047,8040308,25686630,9069725,56519760,5116688,10188842,2464124,16986701,64385546,24654825,658618,63523,282898,60141,942297,228267,3603293,10935123,443642,1668757,16953359,8390356,25343715,10838317,17632154,18271212,7446104,4364896,4618160,648007,26569967,90388817,50551737,25343015,15268912,112451,11475393,448500,1710291,454850,8616602,400966,7091740,9879111,807659,11809375,17915385,1470642,5128672,281065,78446,1128546,7751288,1076897,13405359,104095,52576,156157,350797,6967853,7754470,37969,5100936,3344259,5344976,18439,41377,32335,73712,15122,8849,23971,5482,10459,15941,8720,140786,72.24847891,62.33705027,23.50679923,23.52293903,5.66124564,5.952669984,57.07456171,18.08148085,28.14167759,9.93658089,61.92174152,5.605725003,11.16265959,2.699637249,18.61023664,70.53931469,27.0112559,0.069594329,0.065889088,0.309936504,1.032358794,0.250084044,14.21769855,43.14727734,1.750501061,6.584500339,66.89374072,33.10625928,11.87420937,19.31738002,20.01751718,8.157779283,4.78207908,5.059549259,0.709941478,69.91845567,29.10944117,99.02789684,55.38331359,27.76522095,16.72826675,0.123198714,45.27904847,1.769669522,6.748383179,1.794725043,33.99896976,27.98224333,38.98051647,3.186821664,1.582112173,70.68965619,5.802787792,20.23646494,1.109012629,0.309528418,4.452962007,30.5846558,4.24916789,52.8942146,0.410732996,0.207451828,0.616156708,1.384157769,27.49341602,30.59721118,0.149816236,20.12702558,13.19561477,21.08994676,0.072755711,0.163263357,0.127585873,0.29084923,0.059667653,0.034915955,0.094583608,0.021630609,0.041268614,0.062899224,0.034406953,0.555506562
